<?xml version="1.0" encoding="UTF-8"?>
<project-private xmlns="http://www.netbeans.org/ns/project-private/1">
    <editor-bookmarks xmlns="http://www.netbeans.org/ns/editor-bookmarks/2" lastBookmarkId="0"/>
    <open-files xmlns="http://www.netbeans.org/ns/projectui-open-files/2">
        <group>
            <file>file:/home/eduardo/GitHub/security/tarefa3/File%20Encrypter/src/main/UI.java</file>
            <file>file:/home/eduardo/GitHub/security/tarefa3/File%20Encrypter/src/file/encrypter/FileEncrypter.java</file>
            <file>file:/home/eduardo/GitHub/security/tarefa3/File%20Encrypter/src/table/FilesTable.java</file>
        </group>
    </open-files>
</project-private>
